"","Langs","region","dataType","value"
"1","Only English",34001,"speakers",191407
"2","Spanish",34001,"speakers",37970
"3","French",34001,"speakers",710
"4","French Creole",34001,"speakers",1012
"5","Italian",34001,"speakers",1670
"6","Portuguese",34001,"speakers",215
"7","German",34001,"speakers",755
"8","Yiddish",34001,"speakers",101
"9","Dutch",34001,"speakers",135
"10","Norwegian",34001,"speakers",40
"11","Greek",34001,"speakers",972
"12","Russian",34001,"speakers",689
"13","Polish",34001,"speakers",474
"14","Serbocroatian",34001,"speakers",10
"15","Croatian",34001,"speakers",110
"16","Serbian",34001,"speakers",195
"17","Ukrainian",34001,"speakers",155
"18","Bulgarian",34001,"speakers",325
"19","Macedonian",34001,"speakers",10
"20","Armenian",34001,"speakers",163
"21","Persian",34001,"speakers",317
"22","Hindi",34001,"speakers",800
"23","Gujarati",34001,"speakers",2790
"24","Urdu",34001,"speakers",980
"25","India nec3",34001,"speakers",65
"26","Bengali",34001,"speakers",2570
"27","Panjabi",34001,"speakers",325
"28","Marathi",34001,"speakers",60
"29","Nepali",34001,"speakers",25
"30","Pakistan nec3",34001,"speakers",85
"31","Sinhalese",34001,"speakers",35
"32","Romanian",34001,"speakers",145
"33","Irish Gaelic",34001,"speakers",30
"34","Albanian",34001,"speakers",105
"35","Lithuanian",34001,"speakers",30
"36","Pashto",34001,"speakers",125
"37","Chinese",34001,"speakers",2480
"38","Cantonese",34001,"speakers",325
"39","Mandarin",34001,"speakers",350
"40","Japanese",34001,"speakers",109
"41","Korean",34001,"speakers",557
"42","Mon-Khmer, Cambodian",34001,"speakers",37
"43","Thai",34001,"speakers",79
"44","Laotian",34001,"speakers",105
"45","Vietnamese",34001,"speakers",3188
"46","Turkish",34001,"speakers",190
"47","Telugu",34001,"speakers",165
"48","Malayalam",34001,"speakers",365
"49","Tamil",34001,"speakers",40
"50","Tagalog",34001,"speakers",2214
"51","Indonesian",34001,"speakers",90
"52","Bisayan",34001,"speakers",95
"53","Sebuano",34001,"speakers",70
"54","Hungarian",34001,"speakers",82
"55","Arabic",34001,"speakers",1374
"56","Hebrew",34001,"speakers",110
"57","Mande",34001,"speakers",45
"58","Kru, Ibo, Yoruba",34001,"speakers",275
"59","Efik",34001,"speakers",50
"60","Only English",34003,"speakers",529525
"61","Spanish",34003,"speakers",123185
"62","French",34003,"speakers",3335
"63","French Creole",34003,"speakers",394
"64","Italian",34003,"speakers",13746
"65","Portuguese",34003,"speakers",5360
"66","German",34003,"speakers",3155
"67","Yiddish",34003,"speakers",496
"68","Dutch",34003,"speakers",345
"69","Afrikaans",34003,"speakers",70
"70","Swedish",34003,"speakers",240
"71","Norwegian",34003,"speakers",150
"72","Greek",34003,"speakers",4972
"73","Russian",34003,"speakers",11651
"74","Polish",34003,"speakers",16254
"75","Serbocroatian",34003,"speakers",550
"76","Croatian",34003,"speakers",1720
"77","Serbian",34003,"speakers",460
"78","Ukrainian",34003,"speakers",1450
"79","Czech",34003,"speakers",130
"80","Slovak",34003,"speakers",465
"81","Bulgarian",34003,"speakers",505
"82","Macedonian",34003,"speakers",1320
"83","Armenian",34003,"speakers",3462
"84","Persian",34003,"speakers",2538
"85","Hindi",34003,"speakers",5889
"86","Gujarati",34003,"speakers",7052
"87","Urdu",34003,"speakers",3780
"88","India nec3",34003,"speakers",925
"89","Bengali",34003,"speakers",1060
"90","Panjabi",34003,"speakers",1740
"91","Marathi",34003,"speakers",470
"92","Kashmiri",34003,"speakers",70
"93","Nepali",34003,"speakers",80
"94","Sindhi",34003,"speakers",80
"95","Sinhalese",34003,"speakers",190
"96","Jamaican Creole",34003,"speakers",80
"97","Romanian",34003,"speakers",890
"98","Irish Gaelic",34003,"speakers",105
"99","Albanian",34003,"speakers",3320
"100","Lithuanian",34003,"speakers",85
"101","Latvian",34003,"speakers",125
"102","Pashto",34003,"speakers",4
"103","Kurdish",34003,"speakers",125
"104","Chinese",34003,"speakers",10225
"105","Cantonese",34003,"speakers",615
"106","Mandarin",34003,"speakers",1525
"107","Formosan",34003,"speakers",775
"108","Wu",34003,"speakers",45
"109","Japanese",34003,"speakers",5316
"110","Korean",34003,"speakers",48918
"111","Hmong",34003,"speakers",8
"112","Thai",34003,"speakers",713
"113","Vietnamese",34003,"speakers",621
"114","Uighur",34003,"speakers",50
"115","Turkish",34003,"speakers",3855
"116","Mongolian",34003,"speakers",90
"117","Telugu",34003,"speakers",1750
"118","Kannada",34003,"speakers",270
"119","Malayalam",34003,"speakers",2190
"120","Tamil",34003,"speakers",1735
"121","Burmese",34003,"speakers",380
"122","Tagalog",34003,"speakers",14150
"123","Indonesian",34003,"speakers",275
"124","Malay",34003,"speakers",75
"125","Bisayan",34003,"speakers",90
"126","Sebuano",34003,"speakers",10
"127","Ilocano",34003,"speakers",60
"128","Pampangan",34003,"speakers",40
"129","American Indian",34003,"speakers",55
"130","Hungarian",34003,"speakers",822
"131","Arabic",34003,"speakers",9258
"132","Hebrew",34003,"speakers",5093
"133","Swahili",34003,"speakers",185
"134","Bantu",34003,"speakers",50
"135","Fulani",34003,"speakers",40
"136","Kru, Ibo, Yoruba",34003,"speakers",940
"137","Finnish",34003,"speakers",55
"138","Estonian",34003,"speakers",65
"139","Caucasian",34003,"speakers",185
"140","Syriac",34003,"speakers",835
"141","Only English",34005,"speakers",370713
"142","Spanish",34005,"speakers",19160
"143","French",34005,"speakers",1500
"144","Patois",34005,"speakers",90
"145","French Creole",34005,"speakers",1334
"146","Italian",34005,"speakers",2071
"147","Portuguese",34005,"speakers",2605
"148","German",34005,"speakers",2180
"149","Yiddish",34005,"speakers",95
"150","Dutch",34005,"speakers",90
"151","Norwegian",34005,"speakers",60
"152","Greek",34005,"speakers",780
"153","Russian",34005,"speakers",505
"154","Polish",34005,"speakers",1676
"155","Serbocroatian",34005,"speakers",110
"156","Croatian",34005,"speakers",75
"157","Serbian",34005,"speakers",175
"158","Ukrainian",34005,"speakers",200
"159","Bulgarian",34005,"speakers",115
"160","Armenian",34005,"speakers",70
"161","Persian",34005,"speakers",128
"162","Hindi",34005,"speakers",1031
"163","Gujarati",34005,"speakers",1972
"164","Urdu",34005,"speakers",1720
"165","India nec3",34005,"speakers",180
"166","Bengali",34005,"speakers",630
"167","Panjabi",34005,"speakers",1240
"168","Marathi",34005,"speakers",150
"169","Kashmiri",34005,"speakers",115
"170","Sinhalese",34005,"speakers",30
"171","Jamaican Creole",34005,"speakers",115
"172","Romanian",34005,"speakers",220
"173","Irish Gaelic",34005,"speakers",105
"174","Albanian",34005,"speakers",105
"175","Lithuanian",34005,"speakers",100
"176","Chinese",34005,"speakers",1400
"177","Cantonese",34005,"speakers",105
"178","Mandarin",34005,"speakers",255
"179","Formosan",34005,"speakers",85
"180","Japanese",34005,"speakers",349
"181","Korean",34005,"speakers",1734
"182","Mon-Khmer, Cambodian",34005,"speakers",149
"183","Thai",34005,"speakers",203
"184","Laotian",34005,"speakers",3
"185","Vietnamese",34005,"speakers",666
"186","Turkish",34005,"speakers",1125
"187","Telugu",34005,"speakers",650
"188","Kannada",34005,"speakers",40
"189","Malayalam",34005,"speakers",70
"190","Tamil",34005,"speakers",535
"191","Burmese",34005,"speakers",75
"192","Tagalog",34005,"speakers",1876
"193","Indonesian",34005,"speakers",50
"194","Pampangan",34005,"speakers",195
"195","Ottawa",34005,"speakers",190
"196","Hungarian",34005,"speakers",389
"197","Arabic",34005,"speakers",916
"198","Hebrew",34005,"speakers",161
"199","Swahili",34005,"speakers",85
"200","Mande",34005,"speakers",100
"201","Kru, Ibo, Yoruba",34005,"speakers",1330
"202","African",34005,"speakers",55
"203","Estonian",34005,"speakers",30
"204","Only English",34007,"speakers",384554
"205","Spanish",34007,"speakers",56100
"206","French",34007,"speakers",1685
"207","Patois",34007,"speakers",65
"208","French Creole",34007,"speakers",535
"209","Italian",34007,"speakers",2662
"210","Portuguese",34007,"speakers",865
"211","German",34007,"speakers",1075
"212","Yiddish",34007,"speakers",372
"213","Dutch",34007,"speakers",180
"214","Swedish",34007,"speakers",35
"215","Greek",34007,"speakers",875
"216","Russian",34007,"speakers",2172
"217","Polish",34007,"speakers",815
"218","Croatian",34007,"speakers",35
"219","Serbian",34007,"speakers",75
"220","Ukrainian",34007,"speakers",95
"221","Czech",34007,"speakers",40
"222","Slovak",34007,"speakers",230
"223","Bulgarian",34007,"speakers",30
"224","Armenian",34007,"speakers",65
"225","Persian",34007,"speakers",252
"226","Hindi",34007,"speakers",1477
"227","Gujarati",34007,"speakers",1757
"228","Urdu",34007,"speakers",741
"229","India nec3",34007,"speakers",190
"230","Bengali",34007,"speakers",735
"231","Panjabi",34007,"speakers",375
"232","Marathi",34007,"speakers",185
"233","Nepali",34007,"speakers",140
"234","Jamaican Creole",34007,"speakers",110
"235","Krio",34007,"speakers",40
"236","Pidgin",34007,"speakers",40
"237","Romanian",34007,"speakers",185
"238","Welsh",34007,"speakers",50
"239","Albanian",34007,"speakers",300
"240","Lithuanian",34007,"speakers",45
"241","Latvian",34007,"speakers",35
"242","Pashto",34007,"speakers",25
"243","Chinese",34007,"speakers",3420
"244","Cantonese",34007,"speakers",315
"245","Mandarin",34007,"speakers",570
"246","Fuchow",34007,"speakers",80
"247","Formosan",34007,"speakers",205
"248","Japanese",34007,"speakers",267
"249","Korean",34007,"speakers",2508
"250","Mon-Khmer, Cambodian",34007,"speakers",325
"251","Thai",34007,"speakers",122
"252","Laotian",34007,"speakers",6
"253","Vietnamese",34007,"speakers",4018
"254","Turkish",34007,"speakers",650
"255","Telugu",34007,"speakers",475
"256","Kannada",34007,"speakers",205
"257","Malayalam",34007,"speakers",370
"258","Tamil",34007,"speakers",360
"259","Burmese",34007,"speakers",275
"260","Tagalog",34007,"speakers",2928
"261","Indonesian",34007,"speakers",80
"262","Sebuano",34007,"speakers",20
"263","Melanesian",34007,"speakers",105
"264","Hungarian",34007,"speakers",85
"265","Arabic",34007,"speakers",1225
"266","Hebrew",34007,"speakers",532
"267","Amharic",34007,"speakers",95
"268","Cushite",34007,"speakers",15
"269","Bantu",34007,"speakers",75
"270","Mande",34007,"speakers",60
"271","Kru, Ibo, Yoruba",34007,"speakers",1260
"272","African",34007,"speakers",45
"273","Only English",34013,"speakers",484449
"274","Spanish",34013,"speakers",133925
"275","French",34013,"speakers",8000
"276","Patois",34013,"speakers",500
"277","French Creole",34013,"speakers",17536
"278","Italian",34013,"speakers",7243
"279","Portuguese",34013,"speakers",23530
"280","German",34013,"speakers",1145
"281","Yiddish",34013,"speakers",426
"282","Dutch",34013,"speakers",150
"283","Swedish",34013,"speakers",175
"284","Danish",34013,"speakers",75
"285","Norwegian",34013,"speakers",30
"286","Greek",34013,"speakers",1009
"287","Russian",34013,"speakers",2924
"288","Polish",34013,"speakers",2182
"289","Serbocroatian",34013,"speakers",155
"290","Serbian",34013,"speakers",90
"291","Ukrainian",34013,"speakers",670
"292","Czech",34013,"speakers",35
"293","Slovak",34013,"speakers",145
"294","Bulgarian",34013,"speakers",165
"295","Armenian",34013,"speakers",313
"296","Persian",34013,"speakers",852
"297","Hindi",34013,"speakers",1860
"298","Gujarati",34013,"speakers",2316
"299","Urdu",34013,"speakers",896
"300","India nec3",34013,"speakers",615
"301","Bengali",34013,"speakers",1325
"302","Panjabi",34013,"speakers",380
"303","Marathi",34013,"speakers",90
"304","Pakistan nec3",34013,"speakers",60
"305","Sinhalese",34013,"speakers",140
"306","Jamaican Creole",34013,"speakers",635
"307","Romanian",34013,"speakers",550
"308","Irish Gaelic",34013,"speakers",60
"309","Albanian",34013,"speakers",430
"310","Lithuanian",34013,"speakers",70
"311","Latvian",34013,"speakers",45
"312","Pashto",34013,"speakers",240
"313","Chinese",34013,"speakers",6035
"314","Cantonese",34013,"speakers",480
"315","Mandarin",34013,"speakers",835
"316","Formosan",34013,"speakers",290
"317","Japanese",34013,"speakers",666
"318","Korean",34013,"speakers",2305
"319","Mon-Khmer, Cambodian",34013,"speakers",2
"320","Hmong",34013,"speakers",7
"321","Thai",34013,"speakers",202
"322","Vietnamese",34013,"speakers",658
"323","Turkish",34013,"speakers",415
"324","Telugu",34013,"speakers",190
"325","Malayalam",34013,"speakers",485
"326","Tamil",34013,"speakers",495
"327","Munda",34013,"speakers",85
"328","Burmese",34013,"speakers",80
"329","Tagalog",34013,"speakers",7167
"330","Indonesian",34013,"speakers",25
"331","Bisayan",34013,"speakers",80
"332","Sebuano",34013,"speakers",25
"333","Ilocano",34013,"speakers",65
"334","American Indian",34013,"speakers",30
"335","Hungarian",34013,"speakers",372
"336","Arabic",34013,"speakers",2914
"337","Hebrew",34013,"speakers",1127
"338","Amharic",34013,"speakers",395
"339","Chadic",34013,"speakers",125
"340","Sudanic",34013,"speakers",60
"341","Swahili",34013,"speakers",310
"342","Bantu",34013,"speakers",425
"343","Mande",34013,"speakers",640
"344","Fulani",34013,"speakers",190
"345","Gur",34013,"speakers",30
"346","Kru, Ibo, Yoruba",34013,"speakers",8375
"347","African",34013,"speakers",275
"348","Finnish",34013,"speakers",30
"349","Estonian",34013,"speakers",60
"350","Caucasian",34013,"speakers",100
"351","Only English",34017,"speakers",245418
"352","Spanish",34017,"speakers",233305
"353","French",34017,"speakers",3580
"354","Patois",34017,"speakers",215
"355","French Creole",34017,"speakers",2912
"356","Italian",34017,"speakers",4928
"357","Portuguese",34017,"speakers",10005
"358","German",34017,"speakers",800
"359","Yiddish",34017,"speakers",34
"360","Dutch",34017,"speakers",235
"361","Afrikaans",34017,"speakers",125
"362","Swedish",34017,"speakers",85
"363","Danish",34017,"speakers",105
"364","Greek",34017,"speakers",1265
"365","Russian",34017,"speakers",2064
"366","Polish",34017,"speakers",4907
"367","Serbocroatian",34017,"speakers",105
"368","Croatian",34017,"speakers",495
"369","Serbian",34017,"speakers",85
"370","Ukrainian",34017,"speakers",590
"371","Czech",34017,"speakers",75
"372","Slovak",34017,"speakers",50
"373","Bulgarian",34017,"speakers",205
"374","Armenian",34017,"speakers",319
"375","Persian",34017,"speakers",443
"376","Hindi",34017,"speakers",13378
"377","Gujarati",34017,"speakers",9012
"378","Urdu",34017,"speakers",4221
"379","India nec3",34017,"speakers",300
"380","Bengali",34017,"speakers",1280
"381","Panjabi",34017,"speakers",815
"382","Marathi",34017,"speakers",815
"383","Oriya",34017,"speakers",65
"384","Nepali",34017,"speakers",180
"385","Sindhi",34017,"speakers",130
"386","Sinhalese",34017,"speakers",150
"387","Jamaican Creole",34017,"speakers",110
"388","Krio",34017,"speakers",175
"389","Romanian",34017,"speakers",340
"390","Irish Gaelic",34017,"speakers",20
"391","Albanian",34017,"speakers",115
"392","Lithuanian",34017,"speakers",45
"393","Latvian",34017,"speakers",65
"394","Chinese",34017,"speakers",6590
"395","Cantonese",34017,"speakers",1345
"396","Mandarin",34017,"speakers",2755
"397","Formosan",34017,"speakers",235
"398","Wu",34017,"speakers",50
"399","Japanese",34017,"speakers",1644
"400","Korean",34017,"speakers",3129
"401","Thai",34017,"speakers",230
"402","Vietnamese",34017,"speakers",2086
"403","Turkish",34017,"speakers",1235
"404","Mongolian",34017,"speakers",55
"405","Dravidian",34017,"speakers",125
"406","Telugu",34017,"speakers",1525
"407","Kannada",34017,"speakers",350
"408","Malayalam",34017,"speakers",635
"409","Tamil",34017,"speakers",2055
"410","Burmese",34017,"speakers",45
"411","Tagalog",34017,"speakers",16562
"412","Indonesian",34017,"speakers",90
"413","Malay",34017,"speakers",40
"414","Bisayan",34017,"speakers",70
"415","Ilocano",34017,"speakers",220
"416","Hungarian",34017,"speakers",173
"417","Arabic",34017,"speakers",13044
"418","Hebrew",34017,"speakers",627
"419","Amharic",34017,"speakers",335
"420","Berber",34017,"speakers",320
"421","Swahili",34017,"speakers",715
"422","Bantu",34017,"speakers",110
"423","Fulani",34017,"speakers",40
"424","Gur",34017,"speakers",90
"425","Kru, Ibo, Yoruba",34017,"speakers",660
"426","Estonian",34017,"speakers",45
"427","Caucasian",34017,"speakers",140
"428","Only English",34021,"speakers",248880
"429","Spanish",34021,"speakers",45015
"430","French",34021,"speakers",2300
"431","Patois",34021,"speakers",180
"432","French Creole",34021,"speakers",4077
"433","Italian",34021,"speakers",3242
"434","Portuguese",34021,"speakers",485
"435","German",34021,"speakers",1440
"436","Yiddish",34021,"speakers",82
"437","Dutch",34021,"speakers",155
"438","Afrikaans",34021,"speakers",30
"439","Swedish",34021,"speakers",70
"440","Danish",34021,"speakers",270
"441","Norwegian",34021,"speakers",40
"442","Greek",34021,"speakers",690
"443","Russian",34021,"speakers",1253
"444","Polish",34021,"speakers",4534
"445","Serbocroatian",34021,"speakers",220
"446","Serbian",34021,"speakers",95
"447","Ukrainian",34021,"speakers",865
"448","Czech",34021,"speakers",80
"449","Slovak",34021,"speakers",210
"450","Bulgarian",34021,"speakers",155
"451","Armenian",34021,"speakers",67
"452","Persian",34021,"speakers",271
"453","Hindi",34021,"speakers",3433
"454","Gujarati",34021,"speakers",2435
"455","Urdu",34021,"speakers",1147
"456","India nec3",34021,"speakers",75
"457","Bengali",34021,"speakers",630
"458","Panjabi",34021,"speakers",1430
"459","Marathi",34021,"speakers",665
"460","Oriya",34021,"speakers",55
"461","Pakistan nec3",34021,"speakers",20
"462","Jamaican Creole",34021,"speakers",45
"463","Romanian",34021,"speakers",205
"464","Irish Gaelic",34021,"speakers",40
"465","Lithuanian",34021,"speakers",195
"466","Chinese",34021,"speakers",4975
"467","Cantonese",34021,"speakers",210
"468","Mandarin",34021,"speakers",1945
"469","Formosan",34021,"speakers",380
"470","Japanese",34021,"speakers",537
"471","Korean",34021,"speakers",2533
"472","Mon-Khmer, Cambodian",34021,"speakers",24
"473","Thai",34021,"speakers",72
"474","Vietnamese",34021,"speakers",367
"475","Turkish",34021,"speakers",235
"476","Mongolian",34021,"speakers",35
"477","Telugu",34021,"speakers",1885
"478","Kannada",34021,"speakers",485
"479","Malayalam",34021,"speakers",200
"480","Tamil",34021,"speakers",1900
"481","Burmese",34021,"speakers",70
"482","Karen",34021,"speakers",60
"483","Tagalog",34021,"speakers",1129
"484","Indonesian",34021,"speakers",50
"485","Hungarian",34021,"speakers",374
"486","Arabic",34021,"speakers",1247
"487","Hebrew",34021,"speakers",592
"488","Amharic",34021,"speakers",140
"489","Swahili",34021,"speakers",20
"490","Bantu",34021,"speakers",115
"491","Mande",34021,"speakers",165
"492","Kru, Ibo, Yoruba",34021,"speakers",1185
"493","Finnish",34021,"speakers",50
"494","Only English",34023,"speakers",446092
"495","Spanish",34023,"speakers",117715
"496","French",34023,"speakers",1945
"497","Patois",34023,"speakers",50
"498","French Creole",34023,"speakers",1075
"499","Italian",34023,"speakers",5220
"500","Portuguese",34023,"speakers",6915
"501","German",34023,"speakers",1725
"502","Yiddish",34023,"speakers",230
"503","Dutch",34023,"speakers",95
"504","Afrikaans",34023,"speakers",120
"505","Swedish",34023,"speakers",95
"506","Danish",34023,"speakers",30
"507","Norwegian",34023,"speakers",150
"508","Greek",34023,"speakers",2003
"509","Russian",34023,"speakers",7117
"510","Polish",34023,"speakers",8738
"511","Serbocroatian",34023,"speakers",55
"512","Croatian",34023,"speakers",190
"513","Serbian",34023,"speakers",75
"514","Ukrainian",34023,"speakers",1390
"515","Czech",34023,"speakers",70
"516","Slovak",34023,"speakers",575
"517","Bulgarian",34023,"speakers",110
"518","Macedonian",34023,"speakers",75
"519","Slovene",34023,"speakers",45
"520","Armenian",34023,"speakers",52
"521","Persian",34023,"speakers",853
"522","Hindi",34023,"speakers",20622
"523","Gujarati",34023,"speakers",26601
"524","Urdu",34023,"speakers",8372
"525","India nec3",34023,"speakers",4590
"526","Bengali",34023,"speakers",2930
"527","Panjabi",34023,"speakers",4620
"528","Marathi",34023,"speakers",4005
"529","Oriya",34023,"speakers",320
"530","Nepali",34023,"speakers",70
"531","Sindhi",34023,"speakers",575
"532","Pakistan nec3",34023,"speakers",860
"533","Sinhalese",34023,"speakers",360
"534","Jamaican Creole",34023,"speakers",80
"535","Krio",34023,"speakers",50
"536","Catalonian",34023,"speakers",35
"537","Romanian",34023,"speakers",925
"538","Irish Gaelic",34023,"speakers",135
"539","Albanian",34023,"speakers",625
"540","Lithuanian",34023,"speakers",300
"541","Latvian",34023,"speakers",80
"542","Pashto",34023,"speakers",505
"543","Chinese",34023,"speakers",15725
"544","Cantonese",34023,"speakers",2520
"545","Mandarin",34023,"speakers",4285
"546","Fuchow",34023,"speakers",65
"547","Formosan",34023,"speakers",425
"548","Japanese",34023,"speakers",818
"549","Korean",34023,"speakers",5489
"550","Mon-Khmer, Cambodian",34023,"speakers",77
"551","Thai",34023,"speakers",197
"552","Laotian",34023,"speakers",65
"553","Vietnamese",34023,"speakers",3066
"554","Turkish",34023,"speakers",850
"555","Dravidian",34023,"speakers",85
"556","Telugu",34023,"speakers",12520
"557","Kannada",34023,"speakers",2715
"558","Malayalam",34023,"speakers",1780
"559","Tamil",34023,"speakers",8275
"560","Tibetan",34023,"speakers",35
"561","Burmese",34023,"speakers",335
"562","Tagalog",34023,"speakers",11639
"563","Indonesian",34023,"speakers",425
"564","Malay",34023,"speakers",45
"565","Bisayan",34023,"speakers",155
"566","Sebuano",34023,"speakers",135
"567","Hungarian",34023,"speakers",1063
"568","Arabic",34023,"speakers",8420
"569","Hebrew",34023,"speakers",1582
"570","Amharic",34023,"speakers",165
"571","Chadic",34023,"speakers",130
"572","Nilotic",34023,"speakers",30
"573","Swahili",34023,"speakers",750
"574","Bantu",34023,"speakers",150
"575","Mande",34023,"speakers",160
"576","Fulani",34023,"speakers",270
"577","Gur",34023,"speakers",35
"578","Kru, Ibo, Yoruba",34023,"speakers",2550
"579","African",34023,"speakers",85
"580","Finnish",34023,"speakers",35
"581","Estonian",34023,"speakers",80
"582","Syriac",34023,"speakers",20
"583","Only English",34025,"speakers",493975
"584","Spanish",34025,"speakers",43175
"585","French",34025,"speakers",1770
"586","Patois",34025,"speakers",35
"587","French Creole",34025,"speakers",2965
"588","Italian",34025,"speakers",6356
"589","Portuguese",34025,"speakers",6025
"590","German",34025,"speakers",1920
"591","Yiddish",34025,"speakers",223
"592","Dutch",34025,"speakers",200
"593","Swedish",34025,"speakers",55
"594","Danish",34025,"speakers",65
"595","Norwegian",34025,"speakers",90
"596","Greek",34025,"speakers",1240
"597","Russian",34025,"speakers",4745
"598","Polish",34025,"speakers",2033
"599","Serbocroatian",34025,"speakers",115
"600","Croatian",34025,"speakers",120
"601","Serbian",34025,"speakers",115
"602","Ukrainian",34025,"speakers",540
"603","Czech",34025,"speakers",115
"604","Slovak",34025,"speakers",135
"605","Bulgarian",34025,"speakers",30
"606","Armenian",34025,"speakers",168
"607","Persian",34025,"speakers",466
"608","Hindi",34025,"speakers",1945
"609","Gujarati",34025,"speakers",2728
"610","Urdu",34025,"speakers",1067
"611","India nec3",34025,"speakers",190
"612","Bengali",34025,"speakers",575
"613","Panjabi",34025,"speakers",165
"614","Marathi",34025,"speakers",60
"615","Oriya",34025,"speakers",90
"616","Jamaican Creole",34025,"speakers",70
"617","Romanian",34025,"speakers",300
"618","Irish Gaelic",34025,"speakers",150
"619","Albanian",34025,"speakers",355
"620","Lithuanian",34025,"speakers",125
"621","Latvian",34025,"speakers",60
"622","Chinese",34025,"speakers",5680
"623","Cantonese",34025,"speakers",820
"624","Mandarin",34025,"speakers",895
"625","Formosan",34025,"speakers",480
"626","Japanese",34025,"speakers",178
"627","Korean",34025,"speakers",1903
"628","Thai",34025,"speakers",119
"629","Vietnamese",34025,"speakers",920
"630","Turkish",34025,"speakers",455
"631","Mongolian",34025,"speakers",25
"632","Telugu",34025,"speakers",1210
"633","Kannada",34025,"speakers",105
"634","Malayalam",34025,"speakers",510
"635","Tamil",34025,"speakers",605
"636","Tagalog",34025,"speakers",3018
"637","Hungarian",34025,"speakers",456
"638","Arabic",34025,"speakers",1858
"639","Hebrew",34025,"speakers",1152
"640","Swahili",34025,"speakers",60
"641","Bantu",34025,"speakers",25
"642","Fulani",34025,"speakers",70
"643","Kru, Ibo, Yoruba",34025,"speakers",410
"644","Estonian",34025,"speakers",80
"645","Caucasian",34025,"speakers",40
"646","Only English",34027,"speakers",356513
"647","Spanish",34027,"speakers",47375
"648","French",34027,"speakers",2025
"649","Patois",34027,"speakers",110
"650","French Creole",34027,"speakers",209
"651","Italian",34027,"speakers",4624
"652","Portuguese",34027,"speakers",1305
"653","German",34027,"speakers",2890
"654","Yiddish",34027,"speakers",113
"655","Dutch",34027,"speakers",225
"656","Afrikaans",34027,"speakers",75
"657","Swedish",34027,"speakers",165
"658","Danish",34027,"speakers",140
"659","Norwegian",34027,"speakers",145
"660","Greek",34027,"speakers",1777
"661","Russian",34027,"speakers",2355
"662","Polish",34027,"speakers",2668
"663","Serbocroatian",34027,"speakers",430
"664","Croatian",34027,"speakers",205
"665","Serbian",34027,"speakers",225
"666","Ukrainian",34027,"speakers",1455
"667","Czech",34027,"speakers",100
"668","Slovak",34027,"speakers",70
"669","Bulgarian",34027,"speakers",80
"670","Macedonian",34027,"speakers",525
"671","Persian",34027,"speakers",1100
"672","Hindi",34027,"speakers",4475
"673","Gujarati",34027,"speakers",5562
"674","Urdu",34027,"speakers",1658
"675","India nec3",34027,"speakers",355
"676","Bengali",34027,"speakers",900
"677","Panjabi",34027,"speakers",1040
"678","Marathi",34027,"speakers",415
"679","Oriya",34027,"speakers",70
"680","Nepali",34027,"speakers",20
"681","Sinhalese",34027,"speakers",45
"682","Romanian",34027,"speakers",320
"683","Irish Gaelic",34027,"speakers",45
"684","Albanian",34027,"speakers",670
"685","Lithuanian",34027,"speakers",185
"686","Latvian",34027,"speakers",100
"687","Chinese",34027,"speakers",7375
"688","Cantonese",34027,"speakers",885
"689","Mandarin",34027,"speakers",2450
"690","Formosan",34027,"speakers",340
"691","Japanese",34027,"speakers",387
"692","Korean",34027,"speakers",1628
"693","Mon-Khmer, Cambodian",34027,"speakers",112
"694","Thai",34027,"speakers",156
"695","Laotian",34027,"speakers",13
"696","Vietnamese",34027,"speakers",1146
"697","Uighur",34027,"speakers",70
"698","Turkish",34027,"speakers",460
"699","Telugu",34027,"speakers",1640
"700","Kannada",34027,"speakers",270
"701","Malayalam",34027,"speakers",710
"702","Tamil",34027,"speakers",960
"703","Tibetan",34027,"speakers",40
"704","Tagalog",34027,"speakers",3352
"705","Indonesian",34027,"speakers",30
"706","Bisayan",34027,"speakers",30
"707","Sebuano",34027,"speakers",45
"708","Ilocano",34027,"speakers",75
"709","Hungarian",34027,"speakers",360
"710","Arabic",34027,"speakers",1913
"711","Hebrew",34027,"speakers",474
"712","Swahili",34027,"speakers",55
"713","Kru, Ibo, Yoruba",34027,"speakers",390
"714","Finnish",34027,"speakers",120
"715","Estonian",34027,"speakers",45
"716","Caucasian",34027,"speakers",105
"717","Only English",34029,"speakers",474451
"718","Spanish",34029,"speakers",30620
"719","French",34029,"speakers",1320
"720","French Creole",34029,"speakers",622
"721","Italian",34029,"speakers",5937
"722","Portuguese",34029,"speakers",2185
"723","German",34029,"speakers",2185
"724","Yiddish",34029,"speakers",3863
"725","Dutch",34029,"speakers",315
"726","Swedish",34029,"speakers",35
"727","Norwegian",34029,"speakers",75
"728","Greek",34029,"speakers",1529
"729","Russian",34029,"speakers",1218
"730","Polish",34029,"speakers",1979
"731","Croatian",34029,"speakers",130
"732","Serbian",34029,"speakers",30
"733","Ukrainian",34029,"speakers",685
"734","Czech",34029,"speakers",45
"735","Slovak",34029,"speakers",245
"736","Bulgarian",34029,"speakers",20
"737","Armenian",34029,"speakers",14
"738","Persian",34029,"speakers",27
"739","Hindi",34029,"speakers",646
"740","Gujarati",34029,"speakers",578
"741","Urdu",34029,"speakers",111
"742","India nec3",34029,"speakers",180
"743","Bengali",34029,"speakers",100
"744","Panjabi",34029,"speakers",60
"745","Romanian",34029,"speakers",140
"746","Irish Gaelic",34029,"speakers",30
"747","Albanian",34029,"speakers",50
"748","Lithuanian",34029,"speakers",280
"749","Latvian",34029,"speakers",95
"750","Chinese",34029,"speakers",775
"751","Cantonese",34029,"speakers",100
"752","Mandarin",34029,"speakers",220
"753","Japanese",34029,"speakers",202
"754","Korean",34029,"speakers",371
"755","Thai",34029,"speakers",33
"756","Laotian",34029,"speakers",43
"757","Vietnamese",34029,"speakers",876
"758","Turkish",34029,"speakers",215
"759","Malayalam",34029,"speakers",220
"760","Tagalog",34029,"speakers",2296
"761","Bisayan",34029,"speakers",130
"762","Sebuano",34029,"speakers",85
"763","Hungarian",34029,"speakers",341
"764","Arabic",34029,"speakers",760
"765","Hebrew",34029,"speakers",2299
"766","Swahili",34029,"speakers",250
"767","Kru, Ibo, Yoruba",34029,"speakers",235
"768","Aztecan",34029,"speakers",75
"769","Only English",34031,"speakers",245054
"770","Spanish",34031,"speakers",157475
"771","French",34031,"speakers",920
"772","Patois",34031,"speakers",80
"773","French Creole",34031,"speakers",149
"774","Italian",34031,"speakers",6301
"775","Portuguese",34031,"speakers",850
"776","German",34031,"speakers",1130
"777","Yiddish",34031,"speakers",123
"778","Dutch",34031,"speakers",180
"779","Swedish",34031,"speakers",60
"780","Danish",34031,"speakers",25
"781","Greek",34031,"speakers",1088
"782","Russian",34031,"speakers",2313
"783","Polish",34031,"speakers",7105
"784","Serbocroatian",34031,"speakers",290
"785","Croatian",34031,"speakers",165
"786","Serbian",34031,"speakers",865
"787","Ukrainian",34031,"speakers",535
"788","Czech",34031,"speakers",175
"789","Slovak",34031,"speakers",245
"790","Bulgarian",34031,"speakers",40
"791","Macedonian",34031,"speakers",1265
"792","Slovene",34031,"speakers",25
"793","Armenian",34031,"speakers",247
"794","Persian",34031,"speakers",470
"795","Hindi",34031,"speakers",874
"796","Gujarati",34031,"speakers",4621
"797","Urdu",34031,"speakers",732
"798","India nec3",34031,"speakers",535
"799","Bengali",34031,"speakers",4060
"800","Marathi",34031,"speakers",50
"801","Pakistan nec3",34031,"speakers",130
"802","Jamaican Creole",34031,"speakers",650
"803","Romanian",34031,"speakers",225
"804","Irish Gaelic",34031,"speakers",45
"805","Albanian",34031,"speakers",2215
"806","Latvian",34031,"speakers",25
"807","Chinese",34031,"speakers",1490
"808","Cantonese",34031,"speakers",195
"809","Mandarin",34031,"speakers",375
"810","Japanese",34031,"speakers",380
"811","Korean",34031,"speakers",1465
"812","Thai",34031,"speakers",140
"813","Vietnamese",34031,"speakers",562
"814","Turkish",34031,"speakers",2495
"815","Telugu",34031,"speakers",530
"816","Kannada",34031,"speakers",70
"817","Malayalam",34031,"speakers",430
"818","Tamil",34031,"speakers",305
"819","Tagalog",34031,"speakers",3716
"820","Indonesian",34031,"speakers",305
"821","Bisayan",34031,"speakers",115
"822","Samoan",34031,"speakers",40
"823","Hungarian",34031,"speakers",345
"824","Arabic",34031,"speakers",11716
"825","Hebrew",34031,"speakers",673
"826","Swahili",34031,"speakers",195
"827","Kru, Ibo, Yoruba",34031,"speakers",245
"828","African",34031,"speakers",45
"829","Caucasian",34031,"speakers",715
"830","Syriac",34031,"speakers",110
"831","Only English",34035,"speakers",216315
"832","Spanish",34035,"speakers",35250
"833","French",34035,"speakers",1195
"834","Patois",34035,"speakers",90
"835","French Creole",34035,"speakers",670
"836","Italian",34035,"speakers",2822
"837","Portuguese",34035,"speakers",1585
"838","German",34035,"speakers",1640
"839","Yiddish",34035,"speakers",84
"840","Dutch",34035,"speakers",260
"841","Afrikaans",34035,"speakers",40
"842","Swedish",34035,"speakers",95
"843","Danish",34035,"speakers",100
"844","Norwegian",34035,"speakers",85
"845","Greek",34035,"speakers",394
"846","Russian",34035,"speakers",1493
"847","Polish",34035,"speakers",2719
"848","Croatian",34035,"speakers",105
"849","Ukrainian",34035,"speakers",535
"850","Czech",34035,"speakers",55
"851","Slovak",34035,"speakers",290
"852","Bulgarian",34035,"speakers",155
"853","Armenian",34035,"speakers",211
"854","Persian",34035,"speakers",668
"855","Hindi",34035,"speakers",4684
"856","Gujarati",34035,"speakers",4644
"857","Urdu",34035,"speakers",1540
"858","India nec3",34035,"speakers",120
"859","Bengali",34035,"speakers",755
"860","Panjabi",34035,"speakers",800
"861","Marathi",34035,"speakers",900
"862","Assamese",34035,"speakers",115
"863","Nepali",34035,"speakers",85
"864","Sindhi",34035,"speakers",125
"865","Krio",34035,"speakers",125
"866","Pidgin",34035,"speakers",170
"867","Romanian",34035,"speakers",160
"868","Irish Gaelic",34035,"speakers",25
"869","Albanian",34035,"speakers",150
"870","Latvian",34035,"speakers",60
"871","Chinese",34035,"speakers",7450
"872","Cantonese",34035,"speakers",490
"873","Mandarin",34035,"speakers",1660
"874","Formosan",34035,"speakers",355
"875","Japanese",34035,"speakers",367
"876","Korean",34035,"speakers",1311
"877","Mon-Khmer, Cambodian",34035,"speakers",5
"878","Thai",34035,"speakers",184
"879","Vietnamese",34035,"speakers",788
"880","Turkish",34035,"speakers",85
"881","Gondi",34035,"speakers",50
"882","Telugu",34035,"speakers",2370
"883","Kannada",34035,"speakers",780
"884","Malayalam",34035,"speakers",525
"885","Tamil",34035,"speakers",1830
"886","Tagalog",34035,"speakers",3253
"887","Indonesian",34035,"speakers",90
"888","Bisayan",34035,"speakers",55
"889","Hungarian",34035,"speakers",478
"890","Arabic",34035,"speakers",1591
"891","Hebrew",34035,"speakers",238
"892","Amharic",34035,"speakers",205
"893","Swahili",34035,"speakers",180
"894","Kru, Ibo, Yoruba",34035,"speakers",995
"895","African",34035,"speakers",50
"896","Finnish",34035,"speakers",25
"897","Estonian",34035,"speakers",75
"898","Caucasian",34035,"speakers",270
"899","Only English",34039,"speakers",293531
"900","Spanish",34039,"speakers",131760
"901","French",34039,"speakers",3040
"902","Patois",34039,"speakers",355
"903","French Creole",34039,"speakers",10106
"904","Italian",34039,"speakers",5130
"905","Portuguese",34039,"speakers",19655
"906","German",34039,"speakers",1525
"907","Yiddish",34039,"speakers",191
"908","Dutch",34039,"speakers",115
"909","Swedish",34039,"speakers",60
"910","Danish",34039,"speakers",35
"911","Norwegian",34039,"speakers",45
"912","Greek",34039,"speakers",770
"913","Russian",34039,"speakers",2779
"914","Polish",34039,"speakers",6647
"915","Serbocroatian",34039,"speakers",135
"916","Croatian",34039,"speakers",40
"917","Serbian",34039,"speakers",170
"918","Ukrainian",34039,"speakers",1070
"919","Czech",34039,"speakers",85
"920","Slovak",34039,"speakers",510
"921","Bulgarian",34039,"speakers",80
"922","Armenian",34039,"speakers",80
"923","Persian",34039,"speakers",216
"924","Hindi",34039,"speakers",1207
"925","Gujarati",34039,"speakers",2230
"926","Urdu",34039,"speakers",485
"927","India nec3",34039,"speakers",100
"928","Bengali",34039,"speakers",500
"929","Panjabi",34039,"speakers",335
"930","Marathi",34039,"speakers",210
"931","Nepali",34039,"speakers",140
"932","Jamaican Creole",34039,"speakers",160
"933","Romanian",34039,"speakers",310
"934","Irish Gaelic",34039,"speakers",210
"935","Albanian",34039,"speakers",230
"936","Lithuanian",34039,"speakers",80
"937","Pashto",34039,"speakers",185
"938","Chinese",34039,"speakers",2770
"939","Cantonese",34039,"speakers",375
"940","Mandarin",34039,"speakers",585
"941","Formosan",34039,"speakers",255
"942","Japanese",34039,"speakers",374
"943","Korean",34039,"speakers",1041
"944","Mon-Khmer, Cambodian",34039,"speakers",5
"945","Thai",34039,"speakers",144
"946","Laotian",34039,"speakers",9
"947","Vietnamese",34039,"speakers",634
"948","Turkish",34039,"speakers",245
"949","Telugu",34039,"speakers",500
"950","Malayalam",34039,"speakers",670
"951","Tamil",34039,"speakers",630
"952","Munda",34039,"speakers",80
"953","Tagalog",34039,"speakers",4435
"954","Indonesian",34039,"speakers",60
"955","Bisayan",34039,"speakers",35
"956","Sebuano",34039,"speakers",135
"957","Ilocano",34039,"speakers",40
"958","Hungarian",34039,"speakers",331
"959","Arabic",34039,"speakers",1828
"960","Hebrew",34039,"speakers",748
"961","Amharic",34039,"speakers",105
"962","Swahili",34039,"speakers",330
"963","Bantu",34039,"speakers",80
"964","Kru, Ibo, Yoruba",34039,"speakers",3540
"965","Only English",34001,"percent",74.1023069984243
"966","Spanish",34001,"percent",14.6999043751282
"967","French",34001,"percent",0.274873113150936
"968","French Creole",34001,"percent",0.391790972547532
"969","Italian",34001,"percent",0.646532533749385
"970","Portuguese",34001,"percent",0.083236224404861
"971","German",34001,"percent",0.292294648491489
"972","Yiddish",34001,"percent",0.0391016682087952
"973","Dutch",34001,"percent",0.0522646060216569
"974","Norwegian",34001,"percent",0.015485809191602
"975","Greek",34001,"percent",0.37630516335593
"976","Russian",34001,"percent",0.266743063325345
"977","Polish",34001,"percent",0.183506838920484
"978","Serbocroatian",34001,"percent",0.00387145229790051
"979","Croatian",34001,"percent",0.0425859752769056
"980","Serbian",34001,"percent",0.07549331980906
"981","Ukrainian",34001,"percent",0.0600075106174579
"982","Bulgarian",34001,"percent",0.125822199681767
"983","Macedonian",34001,"percent",0.00387145229790051
"984","Armenian",34001,"percent",0.0631046724557783
"985","Persian",34001,"percent",0.122725037843446
"986","Hindi",34001,"percent",0.309716183832041
"987","Gujarati",34001,"percent",1.08013519111424
"988","Urdu",34001,"percent",0.37940232519425
"989","India nec3",34001,"percent",0.0251644399363533
"990","Bengali",34001,"percent",0.994963240560431
"991","Panjabi",34001,"percent",0.125822199681767
"992","Marathi",34001,"percent",0.0232287137874031
"993","Nepali",34001,"percent",0.00967863074475128
"994","Pakistan nec3",34001,"percent",0.0329073445321543
"995","Sinhalese",34001,"percent",0.0135500830426518
"996","Romanian",34001,"percent",0.0561360583195574
"997","Irish Gaelic",34001,"percent",0.0116143568937015
"998","Albanian",34001,"percent",0.0406502491279554
"999","Lithuanian",34001,"percent",0.0116143568937015
"1000","Pashto",34001,"percent",0.0483931537237564
"1001","Chinese",34001,"percent",0.960120169879327
"1002","Cantonese",34001,"percent",0.125822199681767
"1003","Mandarin",34001,"percent",0.135500830426518
"1004","Japanese",34001,"percent",0.0421988300471156
"1005","Korean",34001,"percent",0.215639892993058
"1006","Mon-Khmer, Cambodian",34001,"percent",0.0143243735022319
"1007","Thai",34001,"percent",0.030584473153414
"1008","Laotian",34001,"percent",0.0406502491279554
"1009","Vietnamese",34001,"percent",1.23421899257068
"1010","Turkish",34001,"percent",0.0735575936601097
"1011","Telugu",34001,"percent",0.0638789629153584
"1012","Malayalam",34001,"percent",0.141308008873369
"1013","Tamil",34001,"percent",0.015485809191602
"1014","Tagalog",34001,"percent",0.857139538755173
"1015","Indonesian",34001,"percent",0.0348430706811046
"1016","Bisayan",34001,"percent",0.0367787968300549
"1017","Sebuano",34001,"percent",0.0271001660853036
"1018","Hungarian",34001,"percent",0.0317459088427842
"1019","Arabic",34001,"percent",0.53193754573153
"1020","Hebrew",34001,"percent",0.0425859752769056
"1021","Mande",34001,"percent",0.0174215353405523
"1022","Kru, Ibo, Yoruba",34001,"percent",0.106464938192264
"1023","Efik",34001,"percent",0.0193572614895026
"1024","Only English",34003,"percent",61.3399392769063
"1025","Spanish",34003,"percent",14.2696953303918
"1026","French",34003,"percent",0.386324909094911
"1027","French Creole",34003,"percent",0.0456407838630869
"1028","Italian",34003,"percent",1.59233049487815
"1029","Portuguese",34003,"percent",0.620900003822705
"1030","German",34003,"percent",0.365473789563551
"1031","Yiddish",34003,"percent",0.0574564182641906
"1032","Dutch",34003,"percent",0.0399646457684391
"1033","Afrikaans",34003,"percent",0.00810876870663981
"1034","Swedish",34003,"percent",0.0278014927084793
"1035","Norwegian",34003,"percent",0.0173759329427996
"1036","Greek",34003,"percent",0.57595425727733
"1037","Russian",34003,"percent",1.34964663144372
"1038","Polish",34003,"percent",1.88285609368176
"1039","Serbocroatian",34003,"percent",0.0637117541235985
"1040","Croatian",34003,"percent",0.199244031077435
"1041","Serbian",34003,"percent",0.0532861943579187
"1042","Ukrainian",34003,"percent",0.167967351780396
"1043","Czech",34003,"percent",0.0150591418837596
"1044","Slovak",34003,"percent",0.0538653921226787
"1045","Bulgarian",34003,"percent",0.0584989742407586
"1046","Macedonian",34003,"percent",0.152908209896636
"1047","Armenian",34003,"percent",0.401036532319814
"1048","Persian",34003,"percent",0.294000785392169
"1049","Hindi",34003,"percent",0.682179127334312
"1050","Gujarati",34003,"percent",0.816900527417485
"1051","Urdu",34003,"percent",0.43787351015855
"1052","India nec3",34003,"percent",0.107151586480597
"1053","Bengali",34003,"percent",0.122789926129117
"1054","Panjabi",34003,"percent",0.201560822136475
"1055","Marathi",34003,"percent",0.0544445898874387
"1056","Kashmiri",34003,"percent",0.00810876870663981
"1057","Nepali",34003,"percent",0.00926716423615978
"1058","Sindhi",34003,"percent",0.00926716423615978
"1059","Sinhalese",34003,"percent",0.0220095150608795
"1060","Jamaican Creole",34003,"percent",0.00926716423615978
"1061","Romanian",34003,"percent",0.103097202127278
"1062","Irish Gaelic",34003,"percent",0.0121631530599597
"1063","Albanian",34003,"percent",0.384587315800631
"1064","Lithuanian",34003,"percent",0.00984636200091977
"1065","Latvian",34003,"percent",0.0144799441189997
"1066","Pashto",34003,"percent",0.000463358211807989
"1067","Kurdish",34003,"percent",0.0144799441189997
"1068","Chinese",34003,"percent",1.18445942893417
"1069","Cantonese",34003,"percent",0.0712413250654783
"1070","Mandarin",34003,"percent",0.176655318251796
"1071","Formosan",34003,"percent",0.0897756535377979
"1072","Wu",34003,"percent",0.00521277988283988
"1073","Japanese",34003,"percent",0.615803063492817
"1074","Korean",34003,"percent",5.6666392513058
"1075","Hmong",34003,"percent",0.000926716423615978
"1076","Thai",34003,"percent",0.082593601254774
"1077","Vietnamese",34003,"percent",0.0719363623831903
"1078","Uighur",34003,"percent",0.00579197764759986
"1079","Turkish",34003,"percent",0.446561476629949
"1080","Mongolian",34003,"percent",0.0104255597656798
"1081","Telugu",34003,"percent",0.202719217665995
"1082","Kannada",34003,"percent",0.0312766792970393
"1083","Malayalam",34003,"percent",0.253688620964874
"1084","Tamil",34003,"percent",0.200981624371715
"1085","Burmese",34003,"percent",0.044019030121759
"1086","Tagalog",34003,"percent",1.63912967427076
"1087","Indonesian",34003,"percent",0.0318558770617992
"1088","Malay",34003,"percent",0.00868796647139979
"1089","Bisayan",34003,"percent",0.0104255597656798
"1090","Sebuano",34003,"percent",0.00115839552951997
"1091","Ilocano",34003,"percent",0.00695037317711984
"1092","Pampangan",34003,"percent",0.00463358211807989
"1093","American Indian",34003,"percent",0.00637117541235985
"1094","Hungarian",34003,"percent",0.0952201125265417
"1095","Arabic",34003,"percent",1.07244258122959
"1096","Hebrew",34003,"percent",0.589970843184522
"1097","Swahili",34003,"percent",0.0214303172961195
"1098","Bantu",34003,"percent",0.00579197764759986
"1099","Fulani",34003,"percent",0.00463358211807989
"1100","Kru, Ibo, Yoruba",34003,"percent",0.108889179774877
"1101","Finnish",34003,"percent",0.00637117541235985
"1102","Estonian",34003,"percent",0.00752957094187982
"1103","Caucasian",34003,"percent",0.0214303172961195
"1104","Syriac",34003,"percent",0.0967260267149177
"1105","Only English",34005,"percent",87.3097893286544
"1106","Spanish",34005,"percent",4.51253547498204
"1107","French",34005,"percent",0.353277829461016
"1108","Patois",34005,"percent",0.0211966697676609
"1109","French Creole",34005,"percent",0.31418174966733
"1110","Italian",34005,"percent",0.487758923209176
"1111","Portuguese",34005,"percent",0.613525830497297
"1112","German",34005,"percent",0.513430445483343
"1113","Yiddish",34005,"percent",0.022374262532531
"1114","Dutch",34005,"percent",0.0211966697676609
"1115","Norwegian",34005,"percent",0.0141311131784406
"1116","Greek",34005,"percent",0.183704471319728
"1117","Russian",34005,"percent",0.118936869251875
"1118","Polish",34005,"percent",0.394729094784442
"1119","Serbocroatian",34005,"percent",0.0259070408271412
"1120","Croatian",34005,"percent",0.0176638914730508
"1121","Serbian",34005,"percent",0.0412157467704518
"1122","Ukrainian",34005,"percent",0.0471037105948021
"1123","Bulgarian",34005,"percent",0.0270846335920112
"1124","Armenian",34005,"percent",0.0164862987081807
"1125","Persian",34005,"percent",0.0301463747806733
"1126","Hindi",34005,"percent",0.242819628116205
"1127","Gujarati",34005,"percent",0.464442586464749
"1128","Urdu",34005,"percent",0.405091911115298
"1129","India nec3",34005,"percent",0.0423933395353219
"1130","Bengali",34005,"percent",0.148376688373627
"1131","Panjabi",34005,"percent",0.292043005687773
"1132","Marathi",34005,"percent",0.0353277829461016
"1133","Kashmiri",34005,"percent",0.0270846335920112
"1134","Sinhalese",34005,"percent",0.00706555658922032
"1135","Jamaican Creole",34005,"percent",0.0270846335920112
"1136","Romanian",34005,"percent",0.0518140816542823
"1137","Irish Gaelic",34005,"percent",0.0247294480622711
"1138","Albanian",34005,"percent",0.0247294480622711
"1139","Lithuanian",34005,"percent",0.0235518552974011
"1140","Chinese",34005,"percent",0.329725974163615
"1141","Cantonese",34005,"percent",0.0247294480622711
"1142","Mandarin",34005,"percent",0.0600572310083727
"1143","Formosan",34005,"percent",0.0200190770027909
"1144","Japanese",34005,"percent",0.0821959749879297
"1145","Korean",34005,"percent",0.408389170856934
"1146","Mon-Khmer, Cambodian",34005,"percent",0.0350922643931276
"1147","Thai",34005,"percent",0.0478102662537241
"1148","Laotian",34005,"percent",0.000706555658922032
"1149","Vietnamese",34005,"percent",0.156855356280691
"1150","Turkish",34005,"percent",0.264958372095762
"1151","Telugu",34005,"percent",0.153087059433107
"1152","Kannada",34005,"percent",0.00942074211896042
"1153","Malayalam",34005,"percent",0.0164862987081807
"1154","Tamil",34005,"percent",0.126002425841096
"1155","Burmese",34005,"percent",0.0176638914730508
"1156","Tagalog",34005,"percent",0.441832805379244
"1157","Indonesian",34005,"percent",0.0117759276487005
"1158","Pampangan",34005,"percent",0.0459261178299321
"1159","Ottawa",34005,"percent",0.044748525065062
"1160","Hungarian",34005,"percent",0.0916167171068901
"1161","Arabic",34005,"percent",0.215734994524194
"1162","Hebrew",34005,"percent",0.0379184870288157
"1163","Swahili",34005,"percent",0.0200190770027909
"1164","Mande",34005,"percent",0.0235518552974011
"1165","Kru, Ibo, Yoruba",34005,"percent",0.313239675455434
"1166","African",34005,"percent",0.0129535204135706
"1167","Estonian",34005,"percent",0.00706555658922032
"1168","Only English",34007,"percent",80.0607085158475
"1169","Spanish",34007,"percent",11.6795189953532
"1170","French",34007,"percent",0.350801951999467
"1171","Patois",34007,"percent",0.0135324195133326
"1172","French Creole",34007,"percent",0.111382222148199
"1173","Italian",34007,"percent",0.554204626838327
"1174","Portuguese",34007,"percent",0.180085275062041
"1175","German",34007,"percent",0.223805399643577
"1176","Yiddish",34007,"percent",0.0774470778301494
"1177","Dutch",34007,"percent",0.0374743924984594
"1178","Swedish",34007,"percent",0.00728668743025599
"1179","Greek",34007,"percent",0.1821671857564
"1180","Russian",34007,"percent",0.452191002814743
"1181","Polish",34007,"percent",0.169675721590247
"1182","Croatian",34007,"percent",0.00728668743025599
"1183","Serbian",34007,"percent",0.0156143302076914
"1184","Ukrainian",34007,"percent",0.0197781515964091
"1185","Czech",34007,"percent",0.00832764277743542
"1186","Slovak",34007,"percent",0.0478839459702537
"1187","Bulgarian",34007,"percent",0.00624573208307656
"1188","Armenian",34007,"percent",0.0135324195133326
"1189","Persian",34007,"percent",0.0524641494978431
"1190","Hindi",34007,"percent",0.307498209556803
"1191","Gujarati",34007,"percent",0.365791708998851
"1192","Urdu",34007,"percent",0.154269582451991
"1193","India nec3",34007,"percent",0.0395563031928182
"1194","Bengali",34007,"percent",0.153020436035376
"1195","Panjabi",34007,"percent",0.078071651038457
"1196","Marathi",34007,"percent",0.0385153478456388
"1197","Nepali",34007,"percent",0.029146749721024
"1198","Jamaican Creole",34007,"percent",0.0229010176379474
"1199","Krio",34007,"percent",0.00832764277743542
"1200","Pidgin",34007,"percent",0.00832764277743542
"1201","Romanian",34007,"percent",0.0385153478456388
"1202","Welsh",34007,"percent",0.0104095534717943
"1203","Albanian",34007,"percent",0.0624573208307656
"1204","Lithuanian",34007,"percent",0.00936859812461485
"1205","Latvian",34007,"percent",0.00728668743025599
"1206","Pashto",34007,"percent",0.00520477673589714
"1207","Chinese",34007,"percent",0.712013457470728
"1208","Cantonese",34007,"percent",0.0655801868723039
"1209","Mandarin",34007,"percent",0.118668909578455
"1210","Fuchow",34007,"percent",0.0166552855548708
"1211","Formosan",34007,"percent",0.0426791692343565
"1212","Japanese",34007,"percent",0.0555870155393814
"1213","Korean",34007,"percent",0.522143202145201
"1214","Mon-Khmer, Cambodian",34007,"percent",0.0676620975666628
"1215","Thai",34007,"percent",0.025399310471178
"1216","Laotian",34007,"percent",0.00124914641661531
"1217","Vietnamese",34007,"percent",0.836511716993388
"1218","Turkish",34007,"percent",0.135324195133326
"1219","Telugu",34007,"percent",0.0988907579820456
"1220","Kannada",34007,"percent",0.0426791692343565
"1221","Malayalam",34007,"percent",0.0770306956912776
"1222","Tamil",34007,"percent",0.0749487849969188
"1223","Burmese",34007,"percent",0.0572525440948685
"1224","Tagalog",34007,"percent",0.609583451308273
"1225","Indonesian",34007,"percent",0.0166552855548708
"1226","Sebuano",34007,"percent",0.00416382138871771
"1227","Melanesian",34007,"percent",0.021860062290768
"1228","Hungarian",34007,"percent",0.0176962409020503
"1229","Arabic",34007,"percent",0.25503406005896
"1230","Hebrew",34007,"percent",0.110757648939891
"1231","Amharic",34007,"percent",0.0197781515964091
"1232","Cushite",34007,"percent",0.00312286604153828
"1233","Bantu",34007,"percent",0.0156143302076914
"1234","Mande",34007,"percent",0.0124914641661531
"1235","Kru, Ibo, Yoruba",34007,"percent",0.262320747489216
"1236","African",34007,"percent",0.00936859812461485
"1237","Only English",34013,"percent",66.164473926814
"1238","Spanish",34013,"percent",18.2910423401608
"1239","French",34013,"percent",1.09261406549402
"1240","Patois",34013,"percent",0.0682883790933762
"1241","French Creole",34013,"percent",2.39501003156289
"1242","Italian",34013,"percent",0.989225459546647
"1243","Portuguese",34013,"percent",3.21365112013428
"1244","German",34013,"percent",0.156380388123831
"1245","Yiddish",34013,"percent",0.0581816989875565
"1246","Dutch",34013,"percent",0.0204865137280128
"1247","Swedish",34013,"percent",0.0239009326826817
"1248","Danish",34013,"percent",0.0102432568640064
"1249","Norwegian",34013,"percent",0.00409730274560257
"1250","Greek",34013,"percent",0.137805949010433
"1251","Russian",34013,"percent",0.399350440938064
"1252","Polish",34013,"percent",0.298010486363494
"1253","Serbocroatian",34013,"percent",0.0211693975189466
"1254","Serbian",34013,"percent",0.0122919082368077
"1255","Ukrainian",34013,"percent",0.0915064279851241
"1256","Czech",34013,"percent",0.00478018653653633
"1257","Slovak",34013,"percent",0.0198036299370791
"1258","Bulgarian",34013,"percent",0.0225351651008141
"1259","Armenian",34013,"percent",0.0427485253124535
"1260","Persian",34013,"percent",0.116363397975113
"1261","Hindi",34013,"percent",0.254032770227359
"1262","Gujarati",34013,"percent",0.316311771960518
"1263","Urdu",34013,"percent",0.12237277533533
"1264","India nec3",34013,"percent",0.0839947062848527
"1265","Bengali",34013,"percent",0.180964204597447
"1266","Panjabi",34013,"percent",0.0518991681109659
"1267","Marathi",34013,"percent",0.0122919082368077
"1268","Pakistan nec3",34013,"percent",0.00819460549120514
"1269","Sinhalese",34013,"percent",0.0191207461461453
"1270","Jamaican Creole",34013,"percent",0.0867262414485877
"1271","Romanian",34013,"percent",0.0751172170027138
"1272","Irish Gaelic",34013,"percent",0.00819460549120514
"1273","Albanian",34013,"percent",0.0587280060203035
"1274","Lithuanian",34013,"percent",0.00956037307307266
"1275","Latvian",34013,"percent",0.00614595411840385
"1276","Pashto",34013,"percent",0.0327784219648206
"1277","Chinese",34013,"percent",0.82424073565705
"1278","Cantonese",34013,"percent",0.0655568439296411
"1279","Mandarin",34013,"percent",0.114041593085938
"1280","Formosan",34013,"percent",0.0396072598741582
"1281","Japanese",34013,"percent",0.0909601209523771
"1282","Korean",34013,"percent",0.314809427620464
"1283","Mon-Khmer, Cambodian",34013,"percent",0.000273153516373505
"1284","Hmong",34013,"percent",0.000956037307307266
"1285","Thai",34013,"percent",0.027588505153724
"1286","Vietnamese",34013,"percent",0.089867506886883
"1287","Turkish",34013,"percent",0.0566793546475022
"1288","Telugu",34013,"percent",0.0259495840554829
"1289","Malayalam",34013,"percent",0.0662397277205749
"1290","Tamil",34013,"percent",0.0676054953024424
"1291","Munda",34013,"percent",0.0116090244458739
"1292","Burmese",34013,"percent",0.0109261406549402
"1293","Tagalog",34013,"percent",0.978845625924454
"1294","Indonesian",34013,"percent",0.00341441895466881
"1295","Bisayan",34013,"percent",0.0109261406549402
"1296","Sebuano",34013,"percent",0.00341441895466881
"1297","Ilocano",34013,"percent",0.0088774892821389
"1298","American Indian",34013,"percent",0.00409730274560257
"1299","Hungarian",34013,"percent",0.0508065540454719
"1300","Arabic",34013,"percent",0.397984673356196
"1301","Hebrew",34013,"percent",0.15392200647647
"1302","Amharic",34013,"percent",0.0539478194837672
"1303","Chadic",34013,"percent",0.017072094773344
"1304","Sudanic",34013,"percent",0.00819460549120514
"1305","Swahili",34013,"percent",0.0423387950378932
"1306","Bantu",34013,"percent",0.0580451222293697
"1307","Mande",34013,"percent",0.0874091252395215
"1308","Fulani",34013,"percent",0.0259495840554829
"1309","Gur",34013,"percent",0.00409730274560257
"1310","Kru, Ibo, Yoruba",34013,"percent",1.14383034981405
"1311","African",34013,"percent",0.0375586085013569
"1312","Finnish",34013,"percent",0.00409730274560257
"1313","Estonian",34013,"percent",0.00819460549120514
"1314","Caucasian",34013,"percent",0.0136576758186752
"1315","Only English",34017,"percent",40.8293031078903
"1316","Spanish",34017,"percent",38.814107203165
"1317","French",34017,"percent",0.595591623785733
"1318","Patois",34017,"percent",0.0357687707022158
"1319","French Creole",34017,"percent",0.484458885045826
"1320","Italian",34017,"percent",0.819853497769859
"1321","Portuguese",34017,"percent",1.66449558546823
"1322","German",34017,"percent",0.133093100287315
"1323","Yiddish",34017,"percent",0.00565645676221088
"1324","Dutch",34017,"percent",0.0390960982093987
"1325","Afrikaans",34017,"percent",0.0207957969198929
"1326","Swedish",34017,"percent",0.0141411419055272
"1327","Danish",34017,"percent",0.0174684694127101
"1328","Greek",34017,"percent",0.210453464829316
"1329","Russian",34017,"percent",0.343380198741272
"1330","Polish",34017,"percent",0.816359803887317
"1331","Serbocroatian",34017,"percent",0.0174684694127101
"1332","Croatian",34017,"percent",0.082351355802776
"1333","Serbian",34017,"percent",0.0141411419055272
"1334","Ukrainian",34017,"percent",0.0981561614618946
"1335","Czech",34017,"percent",0.0124774781519358
"1336","Slovak",34017,"percent",0.00831831876795717
"1337","Bulgarian",34017,"percent",0.0341051069486244
"1338","Armenian",34017,"percent",0.0530708737395667
"1339","Persian",34017,"percent",0.0737003042841005
"1340","Hindi",34017,"percent",2.22564936955462
"1341","Gujarati",34017,"percent",1.4992937747366
"1342","Urdu",34017,"percent",0.702232470390944
"1343","India nec3",34017,"percent",0.049909912607743
"1344","Bengali",34017,"percent",0.212948960459704
"1345","Panjabi",34017,"percent",0.135588595917702
"1346","Marathi",34017,"percent",0.135588595917702
"1347","Oriya",34017,"percent",0.0108138143983443
"1348","Nepali",34017,"percent",0.0299459475646458
"1349","Sindhi",34017,"percent",0.0216276287966886
"1350","Sinhalese",34017,"percent",0.0249549563038715
"1351","Jamaican Creole",34017,"percent",0.0183003012895058
"1352","Krio",34017,"percent",0.0291141156878501
"1353","Romanian",34017,"percent",0.0565645676221088
"1354","Irish Gaelic",34017,"percent",0.00332732750718287
"1355","Albanian",34017,"percent",0.0191321331663015
"1356","Lithuanian",34017,"percent",0.00748648689116145
"1357","Latvian",34017,"percent",0.0108138143983443
"1358","Chinese",34017,"percent",1.09635441361676
"1359","Cantonese",34017,"percent",0.223762774858048
"1360","Mandarin",34017,"percent",0.45833936411444
"1361","Formosan",34017,"percent",0.0390960982093987
"1362","Wu",34017,"percent",0.00831831876795717
"1363","Japanese",34017,"percent",0.273506321090432
"1364","Korean",34017,"percent",0.52056038849876
"1365","Thai",34017,"percent",0.038264266332603
"1366","Vietnamese",34017,"percent",0.347040258999173
"1367","Turkish",34017,"percent",0.205462473568542
"1368","Mongolian",34017,"percent",0.00915015064475289
"1369","Dravidian",34017,"percent",0.0207957969198929
"1370","Telugu",34017,"percent",0.253708722422694
"1371","Kannada",34017,"percent",0.0582282313757002
"1372","Malayalam",34017,"percent",0.105642648353056
"1373","Tamil",34017,"percent",0.34188290136304
"1374","Burmese",34017,"percent",0.00748648689116145
"1375","Tagalog",34017,"percent",2.75535990869813
"1376","Indonesian",34017,"percent",0.0149729737823229
"1377","Malay",34017,"percent",0.00665465501436574
"1378","Bisayan",34017,"percent",0.01164564627514
"1379","Ilocano",34017,"percent",0.0366006025790115
"1380","Hungarian",34017,"percent",0.0287813829371318
"1381","Arabic",34017,"percent",2.17008300018467
"1382","Hebrew",34017,"percent",0.104311717350183
"1383","Amharic",34017,"percent",0.055732735745313
"1384","Berber",34017,"percent",0.0532372401149259
"1385","Swahili",34017,"percent",0.118951958381788
"1386","Bantu",34017,"percent",0.0183003012895058
"1387","Fulani",34017,"percent",0.00665465501436574
"1388","Gur",34017,"percent",0.0149729737823229
"1389","Kru, Ibo, Yoruba",34017,"percent",0.109801807737035
"1390","Estonian",34017,"percent",0.00748648689116145
"1391","Caucasian",34017,"percent",0.0232912925502801
"1392","Only English",34021,"percent",71.8378280083245
"1393","Spanish",34021,"percent",12.9933294270119
"1394","French",34021,"percent",0.663882209977284
"1395","Patois",34021,"percent",0.0519559990417005
"1396","French Creole",34021,"percent",1.17680337829452
"1397","Italian",34021,"percent",0.935785271628849
"1398","Portuguese",34021,"percent",0.139992552973471
"1399","German",34021,"percent",0.415647992333604
"1400","Yiddish",34021,"percent",0.0236688440078858
"1401","Dutch",34021,"percent",0.0447398880636865
"1402","Afrikaans",34021,"percent",0.00865933317361674
"1403","Swedish",34021,"percent",0.0202051107384391
"1404","Danish",34021,"percent",0.0779339985625507
"1405","Norwegian",34021,"percent",0.0115457775648223
"1406","Greek",34021,"percent",0.199164662993185
"1407","Russian",34021,"percent",0.361671482218059
"1408","Polish",34021,"percent",1.30871388697261
"1409","Serbocroatian",34021,"percent",0.0635017766065228
"1410","Serbian",34021,"percent",0.027421221716453
"1411","Ukrainian",34021,"percent",0.249677439839283
"1412","Czech",34021,"percent",0.0230915551296446
"1413","Slovak",34021,"percent",0.0606153322153172
"1414","Bulgarian",34021,"percent",0.0447398880636865
"1415","Armenian",34021,"percent",0.0193391774210774
"1416","Persian",34021,"percent",0.0782226430016712
"1417","Hindi",34021,"percent",0.990916359500876
"1418","Gujarati",34021,"percent",0.702849209258559
"1419","Urdu",34021,"percent",0.33107517167128
"1420","India nec3",34021,"percent",0.0216483329340419
"1421","Bengali",34021,"percent",0.181845996645952
"1422","Panjabi",34021,"percent",0.412761547942398
"1423","Marathi",34021,"percent",0.191948552015171
"1424","Oriya",34021,"percent",0.0158754441516307
"1425","Pakistan nec3",34021,"percent",0.00577288878241116
"1426","Jamaican Creole",34021,"percent",0.0129889997604251
"1427","Romanian",34021,"percent",0.0591721100197144
"1428","Irish Gaelic",34021,"percent",0.0115457775648223
"1429","Lithuanian",34021,"percent",0.0562856656285088
"1430","Chinese",34021,"percent",1.43600608462478
"1431","Cantonese",34021,"percent",0.0606153322153172
"1432","Mandarin",34021,"percent",0.561413434089486
"1433","Formosan",34021,"percent",0.109684886865812
"1434","Japanese",34021,"percent",0.15500206380774
"1435","Korean",34021,"percent",0.731136364292374
"1436","Mon-Khmer, Cambodian",34021,"percent",0.00692746653889339
"1437","Thai",34021,"percent",0.0207823996166802
"1438","Vietnamese",34021,"percent",0.105932509157245
"1439","Turkish",34021,"percent",0.0678314431933312
"1440","Mongolian",34021,"percent",0.0101025553692195
"1441","Telugu",34021,"percent",0.544094767742252
"1442","Kannada",34021,"percent",0.139992552973471
"1443","Malayalam",34021,"percent",0.0577288878241116
"1444","Tamil",34021,"percent",0.54842443432906
"1445","Burmese",34021,"percent",0.0202051107384391
"1446","Karen",34021,"percent",0.0173186663472335
"1447","Tagalog",34021,"percent",0.32587957176711
"1448","Indonesian",34021,"percent",0.0144322219560279
"1449","Hungarian",34021,"percent",0.107953020231089
"1450","Arabic",34021,"percent",0.359939615583336
"1451","Hebrew",34021,"percent",0.17087750795937
"1452","Amharic",34021,"percent",0.0404102214768781
"1453","Swahili",34021,"percent",0.00577288878241116
"1454","Bantu",34021,"percent",0.0331941104988642
"1455","Mande",34021,"percent",0.0476263324548921
"1456","Kru, Ibo, Yoruba",34021,"percent",0.342043660357861
"1457","Finnish",34021,"percent",0.0144322219560279
"1458","Only English",34023,"percent",58.1669961247386
"1459","Spanish",34023,"percent",15.3491386279593
"1460","French",34023,"percent",0.253613172759468
"1461","Patois",34023,"percent",0.00651961883700431
"1462","French Creole",34023,"percent",0.140171804995593
"1463","Italian",34023,"percent",0.68064820658325
"1464","Portuguese",34023,"percent",0.901663285157697
"1465","German",34023,"percent",0.224926849876649
"1466","Yiddish",34023,"percent",0.0299902466502198
"1467","Dutch",34023,"percent",0.0123872757903082
"1468","Afrikaans",34023,"percent",0.0156470852088104
"1469","Swedish",34023,"percent",0.0123872757903082
"1470","Danish",34023,"percent",0.00391177130220259
"1471","Norwegian",34023,"percent",0.0195588565110129
"1472","Greek",34023,"percent",0.261175930610393
"1473","Russian",34023,"percent",0.928002545259194
"1474","Polish",34023,"percent",1.13936858795487
"1475","Serbocroatian",34023,"percent",0.00717158072070474
"1476","Croatian",34023,"percent",0.0247745515806164
"1477","Serbian",34023,"percent",0.00977942825550647
"1478","Ukrainian",34023,"percent",0.18124540366872
"1479","Czech",34023,"percent",0.00912746637180604
"1480","Slovak",34023,"percent",0.0749756166255496
"1481","Bulgarian",34023,"percent",0.0143431614414095
"1482","Macedonian",34023,"percent",0.00977942825550647
"1483","Slovene",34023,"percent",0.00586765695330388
"1484","Armenian",34023,"percent",0.00678040359048449
"1485","Persian",34023,"percent",0.111224697359294
"1486","Hindi",34023,"percent",2.68895159313406
"1487","Gujarati",34023,"percent",3.46856761366304
"1488","Urdu",34023,"percent",1.091644978068
"1489","India nec3",34023,"percent",0.598501009236996
"1490","Bengali",34023,"percent",0.382049663848453
"1491","Panjabi",34023,"percent",0.602412780539199
"1492","Marathi",34023,"percent",0.522221468844046
"1493","Oriya",34023,"percent",0.0417255605568276
"1494","Nepali",34023,"percent",0.00912746637180604
"1495","Sindhi",34023,"percent",0.0749756166255496
"1496","Pakistan nec3",34023,"percent",0.112137443996474
"1497","Sinhalese",34023,"percent",0.0469412556264311
"1498","Jamaican Creole",34023,"percent",0.0104313901392069
"1499","Krio",34023,"percent",0.00651961883700431
"1500","Catalonian",34023,"percent",0.00456373318590302
"1501","Romanian",34023,"percent",0.12061294848458
"1502","Irish Gaelic",34023,"percent",0.0176029708599116
"1503","Albanian",34023,"percent",0.0814952354625539
"1504","Lithuanian",34023,"percent",0.0391177130220259
"1505","Latvian",34023,"percent",0.0104313901392069
"1506","Pashto",34023,"percent",0.0658481502537436
"1507","Chinese",34023,"percent",2.05042012423786
"1508","Cantonese",34023,"percent",0.328588789385017
"1509","Mandarin",34023,"percent",0.55873133433127
"1510","Fuchow",34023,"percent",0.00847550448810561
"1511","Formosan",34023,"percent",0.0554167601145367
"1512","Japanese",34023,"percent",0.106660964173391
"1513","Korean",34023,"percent",0.715723755926334
"1514","Mon-Khmer, Cambodian",34023,"percent",0.0100402130089866
"1515","Thai",34023,"percent",0.025687298217797
"1516","Laotian",34023,"percent",0.00847550448810561
"1517","Vietnamese",34023,"percent",0.399783027085104
"1518","Turkish",34023,"percent",0.110833520229073
"1519","Dravidian",34023,"percent",0.0110833520229073
"1520","Telugu",34023,"percent",1.63251255678588
"1521","Kannada",34023,"percent",0.354015302849334
"1522","Malayalam",34023,"percent",0.232098430597354
"1523","Tamil",34023,"percent",1.07899691752421
"1524","Tibetan",34023,"percent",0.00456373318590302
"1525","Burmese",34023,"percent",0.0436814462079289
"1526","Tagalog",34023,"percent",1.51763687287786
"1527","Indonesian",34023,"percent",0.0554167601145367
"1528","Malay",34023,"percent",0.00586765695330388
"1529","Bisayan",34023,"percent",0.0202108183947134
"1530","Sebuano",34023,"percent",0.0176029708599116
"1531","Hungarian",34023,"percent",0.138607096474712
"1532","Arabic",34023,"percent",1.09790381215153
"1533","Hebrew",34023,"percent",0.206280740002816
"1534","Amharic",34023,"percent",0.0215147421621142
"1535","Chadic",34023,"percent",0.0169510089762112
"1536","Nilotic",34023,"percent",0.00391177130220259
"1537","Swahili",34023,"percent",0.0977942825550647
"1538","Bantu",34023,"percent",0.0195588565110129
"1539","Mande",34023,"percent",0.0208627802784138
"1540","Fulani",34023,"percent",0.0352059417198233
"1541","Gur",34023,"percent",0.00456373318590302
"1542","Kru, Ibo, Yoruba",34023,"percent",0.33250056068722
"1543","African",34023,"percent",0.0110833520229073
"1544","Finnish",34023,"percent",0.00456373318590302
"1545","Estonian",34023,"percent",0.0104313901392069
"1546","Syriac",34023,"percent",0.00260784753480173
"1547","Only English",34025,"percent",82.8903342293997
"1548","Spanish",34025,"percent",7.24488117891458
"1549","French",34025,"percent",0.297010762864593
"1550","Patois",34025,"percent",0.00587309418093829
"1551","French Creole",34025,"percent",0.497534978470915
"1552","Italian",34025,"percent",1.06655390325839
"1553","Portuguese",34025,"percent",1.0110112125758
"1554","German",34025,"percent",0.322181166497186
"1555","Yiddish",34025,"percent",0.0374200000671211
"1556","Dutch",34025,"percent",0.0335605381767902
"1557","Swedish",34025,"percent",0.00922914799861731
"1558","Danish",34025,"percent",0.0109071749074568
"1559","Norwegian",34025,"percent",0.0151022421795556
"1560","Greek",34025,"percent",0.208075336696099
"1561","Russian",34025,"percent",0.796223768244348
"1562","Polish",34025,"percent",0.341142870567072
"1563","Serbocroatian",34025,"percent",0.0192973094516544
"1564","Croatian",34025,"percent",0.0201363229060741
"1565","Serbian",34025,"percent",0.0192973094516544
"1566","Ukrainian",34025,"percent",0.0906134530773336
"1567","Czech",34025,"percent",0.0192973094516544
"1568","Slovak",34025,"percent",0.0226533632693334
"1569","Bulgarian",34025,"percent",0.00503408072651853
"1570","Armenian",34025,"percent",0.0281908520685038
"1571","Persian",34025,"percent",0.0781960539519212
"1572","Hindi",34025,"percent",0.326376233769285
"1573","Gujarati",34025,"percent",0.457765740731418
"1574","Urdu",34025,"percent",0.179045471173176
"1575","India nec3",34025,"percent",0.0318825112679507
"1576","Bengali",34025,"percent",0.0964865472582718
"1577","Panjabi",34025,"percent",0.0276874439958519
"1578","Marathi",34025,"percent",0.0100681614530371
"1579","Oriya",34025,"percent",0.0151022421795556
"1580","Jamaican Creole",34025,"percent",0.0117461883618766
"1581","Romanian",34025,"percent",0.0503408072651853
"1582","Irish Gaelic",34025,"percent",0.0251704036325927
"1583","Albanian",34025,"percent",0.0595699552638026
"1584","Lithuanian",34025,"percent",0.0209753363604939
"1585","Latvian",34025,"percent",0.0100681614530371
"1586","Chinese",34025,"percent",0.953119284220842
"1587","Cantonese",34025,"percent",0.13759820652484
"1588","Mandarin",34025,"percent",0.150183408341136
"1589","Formosan",34025,"percent",0.0805452916242965
"1590","Japanese",34025,"percent",0.0298688789773433
"1591","Korean",34025,"percent",0.319328520752159
"1592","Thai",34025,"percent",0.0199685202151902
"1593","Vietnamese",34025,"percent",0.154378475613235
"1594","Turkish",34025,"percent",0.0763502243521977
"1595","Mongolian",34025,"percent",0.00419506727209878
"1596","Telugu",34025,"percent",0.203041255969581
"1597","Kannada",34025,"percent",0.0176192825428149
"1598","Malayalam",34025,"percent",0.085579372350815
"1599","Tamil",34025,"percent",0.10152062798479
"1600","Tagalog",34025,"percent",0.506428521087764
"1601","Hungarian",34025,"percent",0.0765180270430817
"1602","Arabic",34025,"percent",0.311777399662381
"1603","Hebrew",34025,"percent",0.193308699898312
"1604","Swahili",34025,"percent",0.0100681614530371
"1605","Bantu",34025,"percent",0.00419506727209878
"1606","Fulani",34025,"percent",0.0117461883618766
"1607","Kru, Ibo, Yoruba",34025,"percent",0.0687991032624199
"1608","Estonian",34025,"percent",0.0134242152707161
"1609","Caucasian",34025,"percent",0.00671210763535804
"1610","Only English",34027,"percent",76.0799653437985
"1611","Spanish",34027,"percent",10.1098371115849
"1612","French",34027,"percent",0.43213551769835
"1613","Patois",34027,"percent",0.0234740281218857
"1614","French Creole",34027,"percent",0.0446006534315828
"1615","Italian",34027,"percent",0.986762782141813
"1616","Portuguese",34027,"percent",0.278487333627826
"1617","German",34027,"percent",0.616726738838633
"1618","Yiddish",34027,"percent",0.0241142288888462
"1619","Dutch",34027,"percent",0.0480150575220389
"1620","Afrikaans",34027,"percent",0.016005019174013
"1621","Swedish",34027,"percent",0.0352110421828285
"1622","Danish",34027,"percent",0.0298760357914909
"1623","Norwegian",34027,"percent",0.0309430370697584
"1624","Greek",34027,"percent",0.379212254296281
"1625","Russian",34027,"percent",0.502557602064007
"1626","Polish",34027,"percent",0.569351882083555
"1627","Serbocroatian",34027,"percent",0.0917621099310077
"1628","Croatian",34027,"percent",0.0437470524089688
"1629","Serbian",34027,"percent",0.0480150575220389
"1630","Ukrainian",34027,"percent",0.310497371975852
"1631","Czech",34027,"percent",0.0213400255653506
"1632","Slovak",34027,"percent",0.0149380178957454
"1633","Bulgarian",34027,"percent",0.0170720204522805
"1634","Macedonian",34027,"percent",0.112035134218091
"1635","Persian",34027,"percent",0.234740281218857
"1636","Hindi",34027,"percent",0.954966144049441
"1637","Gujarati",34027,"percent",1.1869322219448
"1638","Urdu",34027,"percent",0.353817623873513
"1639","India nec3",34027,"percent",0.0757570907569947
"1640","Bengali",34027,"percent",0.192060230088156
"1641","Panjabi",34027,"percent",0.221936265879647
"1642","Marathi",34027,"percent",0.0885611060962051
"1643","Oriya",34027,"percent",0.0149380178957454
"1644","Nepali",34027,"percent",0.00426800511307013
"1645","Sinhalese",34027,"percent",0.00960301150440778
"1646","Romanian",34027,"percent",0.068288081809122
"1647","Irish Gaelic",34027,"percent",0.00960301150440778
"1648","Albanian",34027,"percent",0.142978171287849
"1649","Lithuanian",34027,"percent",0.0394790472958987
"1650","Latvian",34027,"percent",0.0213400255653506
"1651","Chinese",34027,"percent",1.57382688544461
"1652","Cantonese",34027,"percent",0.188859226253353
"1653","Mandarin",34027,"percent",0.52283062635109
"1654","Formosan",34027,"percent",0.0725560869221921
"1655","Japanese",34027,"percent",0.0825858989379069
"1656","Korean",34027,"percent",0.347415616203908
"1657","Mon-Khmer, Cambodian",34027,"percent",0.0239008286331927
"1658","Thai",34027,"percent",0.033290439881947
"1659","Laotian",34027,"percent",0.00277420332349558
"1660","Vietnamese",34027,"percent",0.244556692978918
"1661","Uighur",34027,"percent",0.0149380178957454
"1662","Turkish",34027,"percent",0.0981641176006129
"1663","Telugu",34027,"percent",0.34997641927175
"1664","Kannada",34027,"percent",0.0576180690264467
"1665","Malayalam",34027,"percent",0.151514181513989
"1666","Tamil",34027,"percent",0.204864245427366
"1667","Tibetan",34027,"percent",0.00853601022614025
"1668","Tagalog",34027,"percent",0.715317656950553
"1669","Indonesian",34027,"percent",0.00640200766960519
"1670","Bisayan",34027,"percent",0.00640200766960519
"1671","Sebuano",34027,"percent",0.00960301150440778
"1672","Ilocano",34027,"percent",0.016005019174013
"1673","Hungarian",34027,"percent",0.0768240920352623
"1674","Arabic",34027,"percent",0.408234689065157
"1675","Hebrew",34027,"percent",0.101151721179762
"1676","Swahili",34027,"percent",0.0117370140609428
"1677","Kru, Ibo, Yoruba",34027,"percent",0.0832260997048674
"1678","Finnish",34027,"percent",0.0256080306784208
"1679","Estonian",34027,"percent",0.00960301150440778
"1680","Caucasian",34027,"percent",0.0224070268436182
"1681","Only English",34029,"percent",87.9083435394128
"1682","Spanish",34029,"percent",5.67340669358231
"1683","French",34029,"percent",0.244575337541758
"1684","French Creole",34029,"percent",0.115246863599223
"1685","Italian",34029,"percent",1.10003316589805
"1686","Portuguese",34029,"percent",0.404846297370259
"1687","German",34029,"percent",0.404846297370259
"1688","Yiddish",34029,"percent",0.715753431002889
"1689","Dutch",34029,"percent",0.0583645691861014
"1690","Swedish",34029,"percent",0.00648495213178905
"1691","Norwegian",34029,"percent",0.0138963259966908
"1692","Greek",34029,"percent",0.28329976598587
"1693","Russian",34029,"percent",0.225676334186259
"1694","Polish",34029,"percent",0.366677721966015
"1695","Croatian",34029,"percent",0.0240869650609308
"1696","Serbian",34029,"percent",0.00555853039867633
"1697","Ukrainian",34029,"percent",0.126919777436443
"1698","Czech",34029,"percent",0.00833779559801449
"1699","Slovak",34029,"percent",0.0453946649225234
"1700","Bulgarian",34029,"percent",0.00370568693245089
"1701","Armenian",34029,"percent",0.00259398085271562
"1702","Persian",34029,"percent",0.0050026773588087
"1703","Hindi",34029,"percent",0.119693687918164
"1704","Gujarati",34029,"percent",0.107094352347831
"1705","Urdu",34029,"percent",0.0205665624751024
"1706","India nec3",34029,"percent",0.033351182392058
"1707","Bengali",34029,"percent",0.0185284346622544
"1708","Panjabi",34029,"percent",0.0111170607973527
"1709","Romanian",34029,"percent",0.0259398085271562
"1710","Irish Gaelic",34029,"percent",0.00555853039867633
"1711","Albanian",34029,"percent",0.00926421733112721
"1712","Lithuanian",34029,"percent",0.0518796170543124
"1713","Latvian",34029,"percent",0.0176020129291417
"1714","Chinese",34029,"percent",0.143595368632472
"1715","Cantonese",34029,"percent",0.0185284346622544
"1716","Mandarin",34029,"percent",0.0407625562569597
"1717","Japanese",34029,"percent",0.0374274380177539
"1718","Korean",34029,"percent",0.0687404925969639
"1719","Thai",34029,"percent",0.00611438343854396
"1720","Laotian",34029,"percent",0.0079672269047694
"1721","Vietnamese",34029,"percent",0.162309087641349
"1722","Turkish",34029,"percent",0.039836134523847
"1723","Malayalam",34029,"percent",0.0407625562569597
"1724","Tagalog",34029,"percent",0.425412859845362
"1725","Bisayan",34029,"percent",0.0240869650609308
"1726","Sebuano",34029,"percent",0.0157491694629163
"1727","Hungarian",34029,"percent",0.0631819621982876
"1728","Arabic",34029,"percent",0.140816103433134
"1729","Hebrew",34029,"percent",0.425968712885229
"1730","Swahili",34029,"percent",0.0463210866556361
"1731","Kru, Ibo, Yoruba",34029,"percent",0.0435418214562979
"1732","Aztecan",34029,"percent",0.0138963259966908
"1733","Only English",34031,"percent",52.3375863379879
"1734","Spanish",34031,"percent",33.6328376952616
"1735","French",34031,"percent",0.196489669342059
"1736","Patois",34031,"percent",0.0170860582036573
"1737","French Creole",34031,"percent",0.0318227834043117
"1738","Italian",34031,"percent",1.34574065926556
"1739","Portuguese",34031,"percent",0.181539368413859
"1740","German",34031,"percent",0.241340572126659
"1741","Yiddish",34031,"percent",0.0262698144881231
"1742","Dutch",34031,"percent",0.0384436309582289
"1743","Swedish",34031,"percent",0.012814543652743
"1744","Danish",34031,"percent",0.0053393931886429
"1745","Greek",34031,"percent",0.232370391569739
"1746","Russian",34031,"percent",0.494000657813241
"1747","Polish",34031,"percent",1.51745554421231
"1748","Serbocroatian",34031,"percent",0.0619369609882576
"1749","Croatian",34031,"percent",0.0352399950450431
"1750","Serbian",34031,"percent",0.184743004327044
"1751","Ukrainian",34031,"percent",0.114263014236958
"1752","Czech",34031,"percent",0.0373757523205003
"1753","Slovak",34031,"percent",0.0523260532487004
"1754","Bulgarian",34031,"percent",0.00854302910182864
"1755","Macedonian",34031,"percent",0.270173295345331
"1756","Slovene",34031,"percent",0.0053393931886429
"1757","Armenian",34031,"percent",0.0527532047037918
"1758","Persian",34031,"percent",0.100380591946486
"1759","Hindi",34031,"percent",0.186665185874956
"1760","Gujarati",34031,"percent",0.986933436988753
"1761","Urdu",34031,"percent",0.156337432563464
"1762","India nec3",34031,"percent",0.114263014236958
"1763","Bengali",34031,"percent",0.867117453835606
"1764","Marathi",34031,"percent",0.0106787863772858
"1765","Pakistan nec3",34031,"percent",0.0277648445809431
"1766","Jamaican Creole",34031,"percent",0.138824222904715
"1767","Romanian",34031,"percent",0.0480545386977861
"1768","Irish Gaelic",34031,"percent",0.00961090773955722
"1769","Albanian",34031,"percent",0.473070236513761
"1770","Latvian",34031,"percent",0.0053393931886429
"1771","Chinese",34031,"percent",0.318227834043117
"1772","Cantonese",34031,"percent",0.0416472668714146
"1773","Mandarin",34031,"percent",0.0800908978296435
"1774","Japanese",34031,"percent",0.081158776467372
"1775","Korean",34031,"percent",0.312888440854474
"1776","Thai",34031,"percent",0.0299006018564002
"1777","Vietnamese",34031,"percent",0.120029558880692
"1778","Turkish",34031,"percent",0.532871440226561
"1779","Telugu",34031,"percent",0.113195135599229
"1780","Kannada",34031,"percent",0.0149503009282001
"1781","Malayalam",34031,"percent",0.0918375628446578
"1782","Tamil",34031,"percent",0.0651405969014433
"1783","Tagalog",34031,"percent",0.79364740355988
"1784","Indonesian",34031,"percent",0.0651405969014433
"1785","Bisayan",34031,"percent",0.0245612086677573
"1786","Samoan",34031,"percent",0.00854302910182864
"1787","Hungarian",34031,"percent",0.073683626003272
"1788","Arabic",34031,"percent",2.50225322392561
"1789","Hebrew",34031,"percent",0.143736464638267
"1790","Swahili",34031,"percent",0.0416472668714146
"1791","Kru, Ibo, Yoruba",34031,"percent",0.0523260532487004
"1792","African",34031,"percent",0.00961090773955722
"1793","Caucasian",34031,"percent",0.152706645195187
"1794","Syriac",34031,"percent",0.0234933300300287
"1795","Only English",34035,"percent",70.381131486133
"1796","Spanish",34035,"percent",11.4690839048896
"1797","French",34035,"percent",0.388810078477817
"1798","Patois",34035,"percent",0.0292827674167393
"1799","French Creole",34035,"percent",0.217993935213504
"1800","Italian",34035,"percent",0.918177440555982
"1801","Portuguese",34035,"percent",0.51570207061702
"1802","German",34035,"percent",0.533597095149472
"1803","Yiddish",34035,"percent",0.02733058292229
"1804","Dutch",34035,"percent",0.0845946614261359
"1805","Afrikaans",34035,"percent",0.0130145632963286
"1806","Swedish",34035,"percent",0.0309095878287804
"1807","Danish",34035,"percent",0.0325364082408215
"1808","Norwegian",34035,"percent",0.0276559470046983
"1809","Greek",34035,"percent",0.128193448468837
"1810","Russian",34035,"percent",0.485768575035465
"1811","Polish",34035,"percent",0.884664940067936
"1812","Croatian",34035,"percent",0.0341632286528626
"1813","Ukrainian",34035,"percent",0.174069784088395
"1814","Czech",34035,"percent",0.0178950245324518
"1815","Slovak",34035,"percent",0.0943555838983823
"1816","Bulgarian",34035,"percent",0.0504314327732733
"1817","Armenian",34035,"percent",0.0686518213881333
"1818","Persian",34035,"percent",0.217343207048687
"1819","Hindi",34035,"percent",1.52400536200008
"1820","Gujarati",34035,"percent",1.51099079870375
"1821","Urdu",34035,"percent",0.501060686908651
"1822","India nec3",34035,"percent",0.0390436898889858
"1823","Bengali",34035,"percent",0.245649882218202
"1824","Panjabi",34035,"percent",0.260291265926572
"1825","Marathi",34035,"percent",0.292827674167393
"1826","Assamese",34035,"percent",0.0374168694769447
"1827","Nepali",34035,"percent",0.0276559470046983
"1828","Sindhi",34035,"percent",0.0406705103010268
"1829","Krio",34035,"percent",0.0406705103010268
"1830","Pidgin",34035,"percent",0.0553118940093965
"1831","Romanian",34035,"percent",0.0520582531853144
"1832","Irish Gaelic",34035,"percent",0.00813410206020537
"1833","Albanian",34035,"percent",0.0488046123612322
"1834","Latvian",34035,"percent",0.0195218449444929
"1835","Chinese",34035,"percent",2.4239624139412
"1836","Cantonese",34035,"percent",0.159428400380025
"1837","Mandarin",34035,"percent",0.540104376797637
"1838","Formosan",34035,"percent",0.115504249254916
"1839","Japanese",34035,"percent",0.119408618243815
"1840","Korean",34035,"percent",0.42655231203717
"1841","Mon-Khmer, Cambodian",34035,"percent",0.00162682041204107
"1842","Thai",34035,"percent",0.0598669911631115
"1843","Vietnamese",34035,"percent",0.256386896937673
"1844","Turkish",34035,"percent",0.0276559470046983
"1845","Gondi",34035,"percent",0.0162682041204107
"1846","Telugu",34035,"percent",0.771112875307469
"1847","Kannada",34035,"percent",0.253783984278408
"1848","Malayalam",34035,"percent",0.170816143264313
"1849","Tamil",34035,"percent",0.595416270807033
"1850","Tagalog",34035,"percent",1.05840936007392
"1851","Indonesian",34035,"percent",0.0292827674167393
"1852","Bisayan",34035,"percent",0.0178950245324518
"1853","Hungarian",34035,"percent",0.155524031391127
"1854","Arabic",34035,"percent",0.51765425511147
"1855","Hebrew",34035,"percent",0.0774366516131551
"1856","Amharic",34035,"percent",0.066699636893684
"1857","Swahili",34035,"percent",0.0585655348334787
"1858","Kru, Ibo, Yoruba",34035,"percent",0.323737261996174
"1859","African",34035,"percent",0.0162682041204107
"1860","Finnish",34035,"percent",0.00813410206020537
"1861","Estonian",34035,"percent",0.0244023061806161
"1862","Caucasian",34035,"percent",0.087848302250218
"1863","Only English",34039,"percent",58.1474034528184
"1864","Spanish",34039,"percent",26.1011677776567
"1865","French",34039,"percent",0.60221273561078
"1866","Patois",34039,"percent",0.0703241845861273
"1867","French Creole",34039,"percent",2.00196115331663
"1868","Italian",34039,"percent",1.01623399134319
"1869","Portuguese",34039,"percent",3.89358267053615
"1870","German",34039,"percent",0.302096849278434
"1871","Yiddish",34039,"percent",0.0378363922702826
"1872","Dutch",34039,"percent",0.0227810738800131
"1873","Swedish",34039,"percent",0.0118857776765286
"1874","Danish",34039,"percent",0.00693337031130833
"1875","Norwegian",34039,"percent",0.00891433325739642
"1876","Greek",34039,"percent",0.152534146848783
"1877","Russian",34039,"percent",0.550509602717881
"1878","Polish",34039,"percent",1.31674607026476
"1879","Serbocroatian",34039,"percent",0.0267429997721893
"1880","Croatian",34039,"percent",0.00792385178435237
"1881","Serbian",34039,"percent",0.0336763700834976
"1882","Ukrainian",34039,"percent",0.211963035231426
"1883","Czech",34039,"percent",0.0168381850417488
"1884","Slovak",34039,"percent",0.101029110250493
"1885","Bulgarian",34039,"percent",0.0158477035687047
"1886","Armenian",34039,"percent",0.0158477035687047
"1887","Persian",34039,"percent",0.0427887996355028
"1888","Hindi",34039,"percent",0.239102227592833
"1889","Gujarati",34039,"percent",0.441754736977645
"1890","Urdu",34039,"percent",0.0960767028852725
"1891","India nec3",34039,"percent",0.0198096294608809
"1892","Bengali",34039,"percent",0.0990481473044047
"1893","Panjabi",34039,"percent",0.0663622586939511
"1894","Marathi",34039,"percent",0.04160022186785
"1895","Nepali",34039,"percent",0.0277334812452333
"1896","Jamaican Creole",34039,"percent",0.0316954071374095
"1897","Romanian",34039,"percent",0.0614098513287309
"1898","Irish Gaelic",34039,"percent",0.04160022186785
"1899","Albanian",34039,"percent",0.0455621477600262
"1900","Lithuanian",34039,"percent",0.0158477035687047
"1901","Pashto",34039,"percent",0.0366478145026297
"1902","Chinese",34039,"percent",0.548726736066402
"1903","Cantonese",34039,"percent",0.0742861104783035
"1904","Mandarin",34039,"percent",0.115886332346153
"1905","Formosan",34039,"percent",0.0505145551252464
"1906","Japanese",34039,"percent",0.0740880141836947
"1907","Korean",34039,"percent",0.206218242687771
"1908","Mon-Khmer, Cambodian",34039,"percent",0.000990481473044047
"1909","Thai",34039,"percent",0.0285258664236685
"1910","Laotian",34039,"percent",0.00178286665147928
"1911","Vietnamese",34039,"percent",0.125593050781985
"1912","Turkish",34039,"percent",0.0485335921791583
"1913","Telugu",34039,"percent",0.0990481473044047
"1914","Malayalam",34039,"percent",0.132724517387902
"1915","Tamil",34039,"percent",0.12480066560355
"1916","Munda",34039,"percent",0.0158477035687047
"1917","Tagalog",34039,"percent",0.878557066590069
"1918","Indonesian",34039,"percent",0.0118857776765286
"1919","Bisayan",34039,"percent",0.00693337031130833
"1920","Sebuano",34039,"percent",0.0267429997721893
"1921","Ilocano",34039,"percent",0.00792385178435237
"1922","Hungarian",34039,"percent",0.0655698735155159
"1923","Arabic",34039,"percent",0.362120026544903
"1924","Hebrew",34039,"percent",0.148176028367389
"1925","Amharic",34039,"percent",0.020800110933925
"1926","Swahili",34039,"percent",0.0653717772209071
"1927","Bantu",34039,"percent",0.0158477035687047
"1928","Kru, Ibo, Yoruba",34039,"percent",0.701260882915185
